Handle,Max Rating
Potoccino.,1767
Yes_about,1601
chenreddy,1708
damjandavkov,1601
forgotmyhandle,1613
holy_crap,1601
raftyWD,1601
Abdelmohaymn,1600
BaLaLa_Little_fairy,1600
Bit_8,1650
Brownbear2710,1600
DeepBorys,1899
Dixiky_215,1600
Duy_e,2022
GILL72,1600
K4vin,1630
OkClinty,1696
SNUS,1722
Tao_lao_tql,1600
abhaycodes07,1600
brianush1,1600
fxss,1609
gn1,1600
lord_prabhu,1600
luoZH111,1714
BONG_9,1599
EulerTour,1735
Georgewang,1611
I_want,1711
MohammadHijaz,1692
NeVzZo,1599
NicodingZhen,1599
NishantS,1740
SandeepGhosh693,1610
Tiagobfs,1599
latr,1857
lococ,1770
napkin,1782
nirjhorJU,1735
ritik_369,1672
scottlv95,1822
wust-221,1599
x_333vil,1781
xiaodaiyang,1599
zhouchenfeng,1659
DvX5,1773
LVDT_,1598
OnlyLatinLetters,2067
P.V.Sekhar,1953
Satyam_86770,1600
Tutul_dhar,1625
VLTisME986,1687
Zoma17,1838
code_iamak,1614
gfriend1eunha,1598
kg_26,1734
myheartwaing,1781
myloveAtri,1672
xwchen,2067
xyfern,1598
Dmitriy888,1597
MegalovaniaJ,1597
Rifat4242,1597
TaylorFly,1597
Tomori-Nao,1618
achhadahappy,1597
bawiFox,1720
prasoon107,1665
rj52171,1597
shahmah,1630
shanem_1401,1624
shinjan99,1737
sofiaportman12,1597
srinith,1597
zhengjc,1610
Atyou,1596
Glacya,1596
Haruka,1667
KiprasD,1721
Omar_Sanad,1596
XH_v,1667
Yanko_,1878
_Load_,1685
anuragitme,1672
asdasdqwer,1596
betal,1623
geekyuttu,1607
mayukhamarla_22,1596
original_handle,1596
sjm150,1655
waffle2316,1652
zrx116,1651
China_Wmq,1784
De3bOo,1708
Kartoshkasmyasom,1679
_Raihan__,1595
bruce,1627
ccdfw,1764
huang_cc,1603
imMIQ,1772
itdobelikethat3899,1595
menezesd2,1595
r1atsa1a,1595
rnishiura,1695
sxpl,1746
through,1595
Azzpg7,1882
Code_knight01,1594
Dhruv_2104,1594
G01o5R,1629
Null_Resot,1705
QuaJ,1594
RG_123,1594
Tianshuohu,1594
TselmegKh,1879
Xuoline,1675
__Lonny,1649
anichaudhri,1594
b_for_ball,1699
bhavyakawatra,1700
chenyanxi,1658
farouche_1116,1594
kapishv,1594
minhnhatmn16,1594
qazhym,1607
vivek2943,1686
.utk.,1654
Klinashka,1593
Ligh0x74,1713
Petercc,1743
RetiredNanfeng,1937
Robot_chicken,1593
amyt,1614
anmattroi,1647
d1amondzz,1593
hardik85,1645
iloveyouinalluniverse,1593
mo12412,1846
notaapoorv,1593
pawanrawat,1678
pulkitchauhan03,1693
valavshonok,1658
ElizaBest,1593
Freiden,1592
Mishok2503,1750
PabloChocobarT_T,1600
Pawan_Lahoti,1683
SARTHAK_MISHRA,1636
Tansho,1803
bobthestickman,1592
iaouoyi,1615
lalaouye,1615
mechpencil,1592
shushukl,1636
xhchen,1787
Codehacker4689,1663
Creeping_Death_,1626
HJR_,1592
MKageaki,1591
SiberianKhatru,1626
Throckmorton,1591
autoastt,1643
chuka231,1716
fanwen,1924
iN_siDious,1688
jiujiumaomaoniang,1622
q2453685776,1675
raghav.exe,1653
rodger2041,1707
sandeep0404,1591
shiworm,1650
wfeng2,1591
87109145,1619
Ashish_verma,1653
Dragonshout,1590
Firo_SF,1590
Mehul_Gupta,1640
RohamOmidi,1642
SunShine11,1633
Wrrikk,1590
adamcervenka,1590
almeidaraul,1590
defathom8,1590
himdyuti,1590
klddt2,1590
lishan4688,1608
smit086,1642
wakeup__,1788
AKesss,1589
AWPer,1589
Dinocoder,1589
Dr.Bot,1713
Matthew_hpg,1589
Mohamed_AbdElmawla,1645
RyuZU,1589
Shkiper,1897
TuHoangAnh,1692
YQD,1639
istiak_a2i,1589
road_to_lot_ro,1589
roycf123,1589
rustee_95,1639
sfjh,1610
ssinghal_12345,1656
udta_kouwa,1589
Darius17,1637
Dracarys_7,1717
EldoSantos,1588
Joe2009,1588
ShinChan-_-,1681
Shivam_Mahto,1621
Vibhor_Gupta,1689
XiaomLuoch,1588
Yuuichi,1755
dodobow,1619
fushar,2219
geyanlu3,1768
jatinxkirito,1588
lhy_hanhan,1724
lroofer,1619
maple_1016,1588
nehan_der_thal,2097
nishu2002,1661
qiu_tianhan,1706
reimuB_Enjoyer,1626
sinak03,1724
tenacious_,1588
wrk123,1588
200389,1587
Alg01,1641
EastIsRed,1704
KingofField,1591
NexTopper,1615
OMEGAftw,1587
PrafulSinghal,1656
S4muraj,1628
TrupalPatel,1640
ak47itout,1587
andhBhakt,1785
david_tao,1587
dyc123,1643
kai_wei,1638
lfxxx,1587
xjcwbot1,1587
yzh_Error404,1587
zrzring,1698
AbolphazlAsadi8,1595
Ahmed_Ashraf_f,1591
IcasusII,1586
Knightz,1844
YisrT3,1648
ashu_2004,1753
cn_ryh,1586
dakshdixit183,1586
denk,1712
dk_sensei,1652
kituu,1586
shaw_chick,1845
sleepaday,1586
slivolymp,1810
Aryan0Barsaiyan,1611
FURDREAMS,1904
GH_qwq,1600
JXNUvjudge2,1585
MIKHANGO,1585
SU_30MKI,1721
VamosAbhinav,1662
X_LX,1585
luchinkinkos,1710
metelkov,1672
utkarsh.rai,1725
Kumzericov,1613
LittleFatSheep,1584
Maanas23,1667
MasterOfBugs,1774
SantoBlue,1584
Sourav.Kumar007,1593
amulshaturia,1607
bear1222,1760
cse220001060,1584
formidablechief_27,1601
hotcocoa,1648
jimothy,1584
kira98k,1687
namsee1,1760
oreofilling,1630
C2-D2,1583
U_U-zzz,1583
bladelessknife,1679
denilb,1625
dio_2,1863
doanhoccho,1708
harman_69,1779
kne3lb4m3,1583
miiitomi,1654
pka5667,1612
qqqqqv,1606
ssthegreat,1583
zsy623,1583
Dynamic_guy,1589
Eren767,1582
KunoSayo,1703
Meronri,1711
_Du_,1582
assanali,1620
blob414,1644
don2001,1799
finkery,1604
kokolo,1682
nice333,1582
raphaelp,1582
scriptozaur,1621
zsh-,1582
2021ceb1010,1724
BeYourSven,1847
CrocHold,1776
Ling9527,1581
Nidz05,1581
StefanSebez,1596
an1ket_62,1638
bruce_x001,1599
downfall,1674
egor7002,1581
parth.maheshwari,1713
prat945,1610
sashastrakhal,1675
snailbaron,1734
yyytf__,1616
zhtg,1581
6codingrohan,1647
AForYet,1613
DhruvP,1749
Jayg000e,1591
Senior,1754
Sheriff804,1662
SlowMagic,1580
Zeoy,1580
Zwb0106,1616
_ChiFAN_,1606
_shr104,1580
aash8a9,1580
gagan_6730,1783
indreshsingh,1638
laupm,1592
lhardt,1580
n3rm1n,1616
passion63,1580
vivan_01,1587
AQUA_FLASH,1579
AbhijnanVegi,1579
Gorane,1579
Hagag,1590
Hikiri,1903
Normie_007,1744
Snow_S,1670
Vedant18,1579
__soap,1579
ayhon,1666
cm_komi,1736
csustyyt,1596
firstdeeplove,1684
mixalowski,1620
myj128128,1579
q2045891621.,1579
schant,1579
Ahmet_Emre,1677
AverageAmogusEnjoyer,1708
Awa_,1578
AyanVishwakarma,1661
ObviouslyBhavya,1658
Rainystar,1578
Srivardhan_Maddi,1578
WORTH,1864
WaveBreaker,1578
XHYMathematics,1659
asoulcoming,1596
danish_droid,1612
doneandonly21,1578
kerembozkaya,1661
kpothari,1773
lilililili,1692
lpk15014,1596
rit_22,1578
unclezhou,1603
utkarshrai5678,1578
Alexeyha,1589
DJjwalababu,1577
Earl_of_Lemongrab,1744
Sergey140146659,1872
Susie.Rain,1772
Thorfinn_Karlsefni,1605
TimMCBen,1624
akshay_1,1937
bzh110,1663
crystaalroo,1763
daoqi,1651
harshal_02,1730
hftsincoming,1577
jialidunxuesheng,1577
khajaba,1592
mustard_with_fries69420,1630
puffinmuffin,1584
tgupta1729,1612
Akshay_s26,1643
JA2012,1648
Sinlin,1669
SkySummer,1809
XyeeCheng,1576
Your_Bunny_Wrote,1731
arvind26,1766
asdvgy,1576
brokie,1641
daniilgrbic,1740
no_lie,1712
otavio.ols,1576
sanyam2248,1857
sussy__baka,1604
temporary_account,1739
uriy,1595
Dev-i_varaprasad,1582
Luck1829,1575
ShashankGaur03,1655
__Anonymous27__,1575
aryans_20,1575
atulkumarmaurya201,1575
dhakaprashant666,1580
halo_,1700
justbaka,1575
mentality_monster,1595
moonkyandoru,1605
sr2005roy,1575
0-4,1780
ABlueCat,1574
Asad_Bin,1760
Cathedral,1574
DarthCoder33,1581
FannyMagnet,1605
IR101,1574
Mohamed_Saad62,1623
NitroColoraze,1830
Pengzt,1574
codingstarfish,1668
elon_123,1647
infrapolar,1592
linuxed,1761
porkleoi,1574
sahildawara40,1584
sparkblit,1574
xie_lzh,1574
-V-,1598
Aditya.Rai,1696
BBlack_Star,1573
Peter2505,1593
amaruu,1800
bhajji_56,1617
bloistercvlt,1706
circle977,1573
divyaraj_vaghela,1661
dngnogu,1573
ha_na_da,1573
lamda24,1573
limbutimbu,1623
readiz,1573
shivambhadani_,1766
specter_ross,1573
wumingen,1676
BalasaRadu,1769
BhupinderJ,1604
Hori_zon,1590
IkshitG,1613
Jasit,1630
K_DIS,1632
Kknowsu,1617
Saimun_Islam,1673
Schucking_Sattin,1635
cp_only,1662
erfam.m,1994
frostaur_,1650
lekkoo,1698
m3tr0,1572
shift.,1582
sswcdak,1572
t0rtik,1707
u_u_,1616
vanshvyas26,1603
Ahmad7_7,1711
Goinggo,1571
KeshavChib,1571
SaiSrujan7,1621
Skaditxdy,1571
Tlk_Aver,1578
ToXic_saumyy,1663
ZyadFva,1724
_paras_,1676
duong041019,1571
fireheart17,1715
kakakaa,1664
kitekat1__4,1579
lllsssccc,1571
pravin014,1645
